Story_Type,Scenario
Origin Story,"এই গল্পে বর্ণনা করুন কীভাবে মানুষ, গ্রাম, সমাজ বা কোনো গুরুত্বপূর্ণ প্রাকৃতিক উপাদানের উৎপত্তি ঘটেছে—যেখানে বিশ্বাস, কিংবদন্তি বা প্রাচীন স্মৃতি গুরুত্বপূর্ণ ভূমিকা রাখে।"
Human–Nature Relationship,"এই গল্পে মানুষ ও প্রকৃতির (নদী, পাহাড়, বন, পশু, জমি ইত্যাদি) মধ্যকার সম্পর্ক তুলে ধরুন—যেখানে প্রকৃতি কখনো সহায়ক, কখনো ভয়ংকর, আবার কখনো পবিত্র।"
Moral Transgression and Consequence,"এই গল্পে একজন মানুষ বা একাধিক ব্যক্তি সামাজিক, নৈতিক বা আধ্যাত্মিক নিয়ম ভঙ্গ করে এবং তার পরিণতি কীভাবে তাদের জীবনে প্রভাব ফেলে তা দেখান।"
Wisdom of an Elder,"এই গল্পে কোনো প্রবীণ ব্যক্তি তার অভিজ্ঞতা, উপদেশ বা ভবিষ্যদ্বাণীর মাধ্যমে সমাজ বা একজন তরুণকে পথ দেখায়।"
Community Crisis,"এই গল্পে পুরো সমাজ একটি সংকটের মুখে পড়ে (খরা, রোগ, অভাব, দ্বন্দ্ব, প্রাকৃতিক বিপর্যয় ইত্যাদি) এবং তারা কীভাবে সম্মিলিতভাবে তা মোকাবিলা করে।"
Rite of Passage,"এই গল্পে জীবনের একটি গুরুত্বপূর্ণ ধাপ—যেমন প্রাপ্তবয়স্ক হওয়া, বিবাহ, নেতৃত্ব গ্রহণ বা আধ্যাত্মিক দীক্ষা—কীভাবে পালিত হয় তা তুলে ধরুন।"
Trickster or Clever Figure,এই গল্পে একজন চালাক মানুষ বা প্রাণী তার বুদ্ধি ও কৌশলের মাধ্যমে শক্তিশালী কাউকে পরাস্ত করে বা সমস্যার সমাধান করে।
Sacred or Forbidden Space,"এই গল্পে এমন একটি স্থান (বন, পাহাড়, নদী, গাছ, ঘর বা ভূমি) তুলে ধরুন যা পবিত্র বা নিষিদ্ধ হিসেবে বিবেচিত, এবং সেই স্থানের সঙ্গে মানুষের সম্পর্ক কীভাবে গড়ে ওঠে।"
Everyday Life Narrative,"এই গল্পে সাধারণ মানুষের দৈনন্দিন জীবনের একটি ঘটনা তুলে ধরুন—খাদ্য, কাজ, পরিবার, উৎসব বা ঋতুচক্রের প্রেক্ষাপটে।"
Change and Continuity,"এই গল্পে দেখান কীভাবে সময়ের সঙ্গে কিছু পরিবর্তন আসে, কিন্তু কিছু বিশ্বাস, রীতি বা মূল্যবোধ টিকে থাকে।"