,Bengali,Chakma,Garo (Mandi),Hajong,Khasi,Manipuri (Meitei),Marma,Mro,Oraon (Kurukh),Rakhine,Santal,Tripura
Bengali,0.0,0.1383405917941759,0.17807019520733058,0.17240698599723414,0.1628643360031281,0.14130067809322766,0.17203139347124574,0.161773959754981,0.13107503974627321,0.18763331684985174,0.12051675253186056,0.15879385900107434
Chakma,0.1383405917941759,0.0,0.1453168570510769,0.16599669697268826,0.14098543824851562,0.16824608457307955,0.13208006849612763,0.13343228717205313,0.14115375724707635,0.18262831826549963,0.13474661210937255,0.14308366419057517
Garo (Mandi),0.17807019520733058,0.1453168570510769,0.0,0.16625143690523247,0.19493914468820184,0.17004511230725594,0.1304880014828267,0.16184316485308325,0.16404462975735334,0.19883592132081118,0.16890576543655567,0.18661912373291656
Hajong,0.17240698599723414,0.16599669697268826,0.16625143690523247,0.0,0.1872282481239419,0.17298218521560027,0.14080345630008673,0.17798572655367884,0.17539186913988736,0.20388138605513428,0.16140119897403105,0.1975838797230437
Khasi,0.1628643360031281,0.14098543824851562,0.19493914468820184,0.1872282481239419,0.0,0.17035096674014238,0.17151881648368106,0.11725620714568441,0.1653428565168027,0.2103365750142019,0.16740787901735232,0.1674952180605419
Manipuri (Meitei),0.14130067809322766,0.16824608457307955,0.17004511230725594,0.17298218521560027,0.17035096674014238,0.0,0.1499513485941235,0.1647980001853835,0.1578926179909369,0.20948228629543197,0.1564275312516954,0.18394926479507445
Marma,0.17203139347124574,0.13208006849612763,0.1304880014828267,0.14080345630008673,0.17151881648368106,0.1499513485941235,0.0,0.11569981048686107,0.1499113235809606,0.1975037181714162,0.16255728348123066,0.15845910929736284
Mro,0.161773959754981,0.13343228717205313,0.16184316485308325,0.17798572655367884,0.11725620714568441,0.1647980001853835,0.11569981048686107,0.0,0.17295535880689272,0.21178050027755435,0.1639851650461085,0.1493980887624069
Oraon (Kurukh),0.13107503974627321,0.14115375724707635,0.16404462975735334,0.17539186913988736,0.1653428565168027,0.1578926179909369,0.1499113235809606,0.17295535880689272,0.0,0.19639319285595036,0.13803885442723685,0.1695218340106015
Rakhine,0.18763331684985174,0.18262831826549963,0.19883592132081118,0.20388138605513428,0.2103365750142019,0.20948228629543197,0.1975037181714162,0.21178050027755435,0.19639319285595036,0.0,0.186136993316095,0.18888838002939423
Santal,0.12051675253186056,0.13474661210937255,0.16890576543655567,0.16140119897403105,0.16740787901735232,0.1564275312516954,0.16255728348123066,0.1639851650461085,0.13803885442723685,0.186136993316095,0.0,0.15997143296704608
Tripura,0.15879385900107434,0.14308366419057517,0.18661912373291656,0.1975838797230437,0.1674952180605419,0.18394926479507445,0.15845910929736284,0.1493980887624069,0.1695218340106015,0.18888838002939423,0.15997143296704608,0.0
