story_type,n_stories,n_cultures,euclidean_mean,euclidean_std,euclidean_min,euclidean_max,cosine_mean,cosine_std,cosine_min,cosine_max,euclidean_rank,cosine_rank,combined_rank,distinctiveness_score,classification
Origin Story,59,12,0.5012215474492729,0.04019482121639271,0.37140934255849367,0.5775294217363525,0.21368332364408987,0.03121839654592576,0.11591419379633794,0.2702942913260348,1.0,1.0,1.0,1.0,Highly Distinct
Wisdom of an Elder,60,12,0.48848249479324624,0.037513924460987697,0.41309061059793334,0.5928667255080157,0.20418229350249645,0.03232951198896754,0.139916794737715,0.29228544232445797,2.0,3.0,2.5,0.8767851518607168,Highly Distinct
Rite of Passage,60,12,0.4845001200958717,0.03260855283511729,0.40131782503615404,0.5452445319796605,0.20880733734349358,0.02802462584278761,0.14317677816536278,0.2662629512934951,4.0,2.0,3.0,0.9367653925307474,Highly Distinct
Everyday Life Narrative,60,12,0.48718936261877616,0.03209834456577143,0.43241436902751146,0.575291013601343,0.2022055018994984,0.02569028883642541,0.15862196738250067,0.2753620934753388,3.0,4.0,3.5,0.8511489762527564,Highly Distinct
Change and Continuity,60,12,0.47060135559579575,0.03210124917191295,0.39168051434835005,0.5379006302241525,0.1843225660231464,0.02534916430469568,0.12945546035689193,0.251139483454076,5.0,5.0,5.0,0.6192327318612078,Moderate
Moral Transgression and Consequence,60,12,0.4577250848614696,0.033075496749995624,0.3945834717428072,0.5236930865158143,0.18037606519637903,0.023241466337020615,0.134645641454067,0.23145437381151568,7.0,6.0,6.5,0.5680522290310015,Moderate
Sacred or Forbidden Space,60,12,0.4588498776890512,0.02664392704886895,0.3987908326731172,0.5159278629796326,0.17340405725896915,0.01880313817359656,0.13605917885832386,0.2260346985507664,6.0,8.0,7.0,0.4776352019895778,Moderate
Trickster or Clever Figure,60,12,0.45355192274896916,0.03416384111448255,0.3595934850604306,0.5405050337470265,0.17515488505685536,0.02765449844373646,0.11039820746246032,0.24438635582287038,9.0,7.0,8.0,0.5003409484212384,Moderate
Community Crisis,60,12,0.453790070046261,0.032548719854170904,0.3841957072454178,0.5214041437443865,0.16492602662051906,0.02285467622066799,0.11569981048686107,0.21178050027755435,8.0,9.0,8.5,0.36768720244964326,Moderate
Human–Nature Relationship,60,12,0.4171268532758163,0.02331982692124572,0.37157867610375533,0.48219918579314897,0.13657386577377398,0.015433520089163264,0.10322883743397604,0.1858940756106071,10.0,10.0,10.0,0.0,Universal
