dimension,importance
1097,0.13179684245258894
1098,0.011517935390038165
186,0.009026979100004636
458,0.00835271639731234
7,0.008248874659182037
2266,0.006950697521316822
1207,0.006893440578451384
585,0.006675379288827512
1674,0.005874873762043775
1767,0.005469549077811933
1474,0.005326987411403233
1444,0.005159241214459035
2017,0.004696534246130391
1096,0.004029751436779164
708,0.003891025396863511
794,0.0038279517454014853
2227,0.0035994410092866926
1826,0.003582836559186628
1348,0.0035070954019971435
2884,0.0033162332181516
445,0.0033031431760814733
2113,0.0032155290803901034
1909,0.003181594894825077
1754,0.0030247133730937252
93,0.0029678005746758846
2111,0.0028053481476527677
1953,0.002663781321263024
207,0.0026422206045846053
2029,0.002578947285824254
1877,0.0024460486968701386
2886,0.002316336746791346
167,0.002260523355187009
2843,0.002253162967204354
2148,0.0022266118756355934
1108,0.0022204129289706224
2828,0.0022008757743375695
662,0.002197855672011275
2289,0.002175570268743751
847,0.002142753791150642
2417,0.002139946862125975
2845,0.002134510491887106
2497,0.0020852574999775195
2200,0.002059331551453842
514,0.002056955626238719
2373,0.0020375770083644867
945,0.0020209695946702567
3011,0.002018937594643418
2998,0.0019759732027290096
288,0.0019291871432675774
2324,0.0019154076153317528
