target_metric,model,r2_score,mae,rmse,cv_r2_mean,cv_r2_std
Cultural Accuracy & Authenticity,Ridge Regression,-0.4937921630589506,0.7405569490542963,0.9571252745117942,-0.4145302307972239,0.18284348069082962
Cultural Accuracy & Authenticity,Lasso Regression,-0.33465806142021104,0.7213818075007505,0.9047085680391582,-0.3370353158086912,0.1932374153666657
Cultural Accuracy & Authenticity,ElasticNet,-0.48279175494446336,0.7638454421759889,0.953594587888177,-0.47324176714475535,0.1965901712649925
Cultural Accuracy & Authenticity,Random Forest,0.08789739983544398,0.5929455710923802,0.7479034614457825,0.09949673982985092,0.021355930820747042
Cultural Accuracy & Authenticity,Gradient Boosting,-0.04336268624669737,0.6196847069488602,0.799910406538887,0.03240376085603229,0.07056549484524531
Contextual & Temporal Appropriateness,Ridge Regression,-0.004328178911471525,0.6192962192643345,0.7964489236605122,-0.1890475011900868,0.17498572939344856
Contextual & Temporal Appropriateness,Lasso Regression,0.0001726225379429236,0.6364341613204931,0.7946623146385918,-0.12255760426169024,0.14151696265483116
Contextual & Temporal Appropriateness,ElasticNet,-0.08308186893224279,0.6549213181133069,0.8270861502025393,-0.22086553783233379,0.15075306074024497
Contextual & Temporal Appropriateness,Random Forest,0.15253897712462194,0.5360174151214349,0.731610571267045,0.18978857698658302,0.04928435506607572
Contextual & Temporal Appropriateness,Gradient Boosting,0.07403921475649988,0.5949896220348108,0.7647445716358516,0.15576081904680694,0.04748334297600218
Narrative & Symbolic Coherence,Ridge Regression,-0.3114520858294012,0.7174910244809439,0.9052991111129294,-0.39825845654476844,0.19904052759581775
Narrative & Symbolic Coherence,Lasso Regression,-0.013416820814639241,0.604873964522816,0.7958109931642295,-0.35046790329583566,0.21609250538170496
Narrative & Symbolic Coherence,ElasticNet,-0.1577920417171521,0.6351132908015491,0.8506113236067934,-0.5293616111265513,0.23233031753437253
Narrative & Symbolic Coherence,Random Forest,0.1449125169408786,0.538465223197042,0.7310063582738104,0.14354989214008967,0.03143989210863046
Narrative & Symbolic Coherence,Gradient Boosting,0.10637686960553094,0.561671019284733,0.7472967277693047,0.05656499482262802,0.09027943442467154
Linguistic & Expressive Appropriateness (Bangla),Ridge Regression,-0.36816183297076477,0.6199366388308486,0.8672421594804519,-0.2991807742476603,0.19056099150006023
Linguistic & Expressive Appropriateness (Bangla),Lasso Regression,-0.12244782457438541,0.5777851541958257,0.7855154438033222,-0.2106574399202657,0.21051655921793158
Linguistic & Expressive Appropriateness (Bangla),ElasticNet,-0.2769946596281305,0.6192840697350659,0.8378498326410803,-0.3712000827005297,0.2589629167167049
Linguistic & Expressive Appropriateness (Bangla),Random Forest,0.14197807210079882,0.5028846847699548,0.6867850616605927,0.16697725692359858,0.07294941612522103
Linguistic & Expressive Appropriateness (Bangla),Gradient Boosting,0.09436531544558713,0.5216815986918465,0.7055831002190833,0.1375411993219622,0.0899715879249832
