outlier_method,metric,metric_short,outlier_count,inlier_count,outlier_mean_score,inlier_mean_score,score_difference,t_statistic,p_value,significant,cohens_d
isolation_forest,Cultural Accuracy & Authenticity,cultural_accuracy,60,539,2.3,2.4656771799628943,0.16567717996289444,-1.5490343077203415,0.1219033957524084,False,0.21081642286590951
isolation_forest,Contextual & Temporal Appropriateness,contextual_appropriateness,60,539,1.9833333333333334,2.1873840445269015,0.2040507111935681,-1.901784229115009,0.05768045484416177,False,0.25882405976847467
isolation_forest,Narrative & Symbolic Coherence,narrative_coherence,60,539,1.9,2.0,0.10000000000000009,-1.0375710941088785,0.2998898397467308,False,0.14120863911078202
isolation_forest,Linguistic & Expressive Appropriateness (Bangla),linguistic_fluency,60,539,1.3166666666666667,1.4526901669758812,0.1360235003092145,-1.3195028903728612,0.18750684294299638,False,0.17957825589996912
isolation_forest,average_score,average_score,60,539,1.875,2.0264378478664193,0.15143784786641934,-1.7864345344625079,0.07453627581915957,False,0.24312549848799372
lof,Cultural Accuracy & Authenticity,cultural_accuracy,60,539,2.0833333333333335,2.489795918367347,0.40646258503401356,-3.8392293172278174,0.0001365974251955069,True,0.5225013979264419
lof,Contextual & Temporal Appropriateness,contextual_appropriateness,60,539,1.9333333333333333,2.1929499072356213,0.259616573902288,-2.4242148286632155,0.015637462491335293,True,0.32992445415194704
lof,Narrative & Symbolic Coherence,narrative_coherence,60,539,1.7666666666666666,2.014842300556586,0.24817563388991948,-2.587060848833078,0.009915144641607292,True,0.352087046212728
lof,Linguistic & Expressive Appropriateness (Bangla),linguistic_fluency,60,539,1.2166666666666666,1.463821892393321,0.2471552257266545,-2.4056288453739443,0.016447748508452962,True,0.3273949875720518
lof,average_score,average_score,60,539,1.75,2.0403525046382187,0.2903525046382187,-3.449904162451199,0.0006003458582798853,True,0.469516040499135
