culture,n_stories,mean_drift,std_drift,drift_coherence_correlation,correlation_p_value,correlation_significant,mean_coherence_score
Rakhine,50,0.631879006482245,0.08329048803828736,0.026119687767282303,0.8571107403242063,False,1.94
Marma,50,0.6325441064876051,0.08046114215819591,0.03870910371546183,0.7895525697004704,False,1.9
Manipuri (Meitei),50,0.6340295304849352,0.0759465551659561,-0.03855856143261769,0.7903524725841422,False,2.0
Chakma,50,0.6347253605634635,0.07425866188610772,0.11225966766734258,0.43764475947058423,False,1.92
Mro,50,0.6376274565582867,0.08411536519749878,-0.12367054321828364,0.3921879928343679,False,2.08
Bengali,50,0.64337056102186,0.07750275915435416,-0.03951921024946019,0.7852517937397591,False,2.04
Tripura,50,0.6445520667449683,0.0696629989471552,0.233406050917999,0.10282583288142094,False,2.04
Oraon (Kurukh),49,0.6462142342682993,0.07991405190022796,0.0012707883884128586,0.9930857183641885,False,1.9795918367346939
Hajong,50,0.6469500620036784,0.07072583931615478,0.040553279601026455,0.7797712471759065,False,2.14
Santal,50,0.647496101716025,0.07034984725912495,0.04042580001343946,0.7804463197583524,False,1.98
Garo (Mandi),50,0.6486452229753269,0.06960144264892085,0.1792481853125276,0.2129351945406281,False,1.9
Khasi,50,0.6524326466644434,0.08073504272111542,0.4027640107141663,0.003733284180866019,True,1.96
