decile,drift_threshold,mean_coherence,drop_from_baseline,pct_drop,significant_drop
1.0,0.5380552375947005,1.95,0.0,0.0,False
2.0,0.5820647149775401,2.0166666666666666,-0.06666666666666665,-3.4188034188034186,False
3.0,0.6105956708692055,1.75,0.19999999999999996,10.256410256410255,True
4.0,0.6292344333717583,1.95,0.0,0.0,False
5.0,0.6489713213017334,2.0166666666666666,-0.06666666666666665,-3.4188034188034186,False
6.0,0.6671717438939901,1.9661016949152543,-0.016101694915254372,-0.825727944372019,False
7.0,0.6884776874135378,2.0,-0.050000000000000044,-2.5641025641025665,False
8.0,0.7044177179640297,2.2,-0.2500000000000002,-12.820512820512834,False
9.0,0.7308643956448159,1.9166666666666667,0.033333333333333215,1.7094017094017033,False
10.0,0.815592595853561,2.1333333333333333,-0.18333333333333335,-9.401709401709404,False
