story_type,n_stories,mean_drift,std_drift,drift_coherence_correlation,correlation_p_value,correlation_significant,mean_coherence_score
Human–Nature Relationship,60,0.5351528801888699,0.07209618769443019,0.038192012713942514,0.7720330600486469,False,2.033333333333333
Trickster or Clever Figure,60,0.598228374482906,0.07907352494700864,0.29320581664427925,0.022989564986682698,True,1.95
Everyday Life Narrative,60,0.6199835549414016,0.056125734554254236,0.21013558172590152,0.10706802083050009,False,2.1
Change and Continuity,60,0.62993569810712,0.06479521770987096,0.08776688971972021,0.5048827214184513,False,1.9333333333333333
Community Crisis,60,0.654801374396579,0.04781771911173341,0.010057585520269441,0.9392052544421727,False,2.0
Rite of Passage,60,0.6582695599922287,0.056527948645916405,0.207290769677917,0.11201396967212596,False,2.0
Moral Transgression and Consequence,60,0.6607936194475468,0.05224615546864033,0.1398503901129999,0.28654267538161754,False,1.95
Origin Story,59,0.6723582172297955,0.06775458921692529,-0.011395973156706062,0.9317335340513041,False,2.0847457627118646
Sacred or Forbidden Space,60,0.678773432800912,0.05241906644343584,0.055052804104323845,0.6761052390105425,False,1.8833333333333333
Wisdom of an Elder,60,0.7091943181046126,0.05120241110064232,-0.021658909545188024,0.8695270897381305,False,1.9666666666666666
