decile,drift_min,drift_max,drift_mean,n_stories,mean_coherence,std_coherence,mean_avg_score
1,0.36367466718554387,0.5380552375947005,0.48941493025201815,60,1.95,0.6745996929755541,1.9833333333333334
2,0.5394993582034593,0.5820647149775401,0.5633745238963106,60,2.0166666666666666,0.7008872504569528,2.033333333333333
3,0.582112657928961,0.6105956708692055,0.598196874303209,60,1.75,0.6541911813032298,1.7791666666666666
4,0.6107164521522106,0.6292344333717583,0.6197330859545086,60,1.95,0.6745996929755541,1.9416666666666667
5,0.6294575627133274,0.6489713213017334,0.6402759431226297,60,2.0166666666666666,0.6762726024084974,1.9916666666666667
6,0.6492731844962009,0.6671717438939901,0.6574634942224074,59,1.9661016949152543,0.7870964033080865,2.042372881355932
7,0.6674519268820918,0.6884776874135378,0.677659658410324,60,2.0,0.6888949638271721,1.9708333333333334
8,0.6887182145575362,0.7044177179640297,0.6960976749136126,60,2.2,0.7546466228796951,2.1375
9,0.7047339167317566,0.7308643956448159,0.7189409545448251,60,1.9166666666666667,0.6712413662397546,1.9708333333333334
10,0.731956639505221,0.815592595853561,0.756085644688671,60,2.1333333333333333,0.7471225404145427,2.2625
