culture,n_stories,mean_genericity,std_genericity,pct_generic,mean_cultural_accuracy
Marma,50,0.6949765725037093,0.1423792570763445,18.0,2.54
Mro,50,0.6677377631396524,0.1463109234443344,8.0,2.52
Chakma,50,0.6667471765481714,0.14834542669224254,10.0,2.36
Oraon (Kurukh),49,0.6626713461035928,0.1277247009977287,10.204081632653061,2.4285714285714284
Hajong,50,0.6548222864991576,0.11518791123103526,6.0,2.64
Khasi,50,0.6537939509102412,0.1421392837957381,12.0,2.34
Garo (Mandi),50,0.6468851513978447,0.1530287712510685,12.0,2.3
Tripura,50,0.6305940662769113,0.17106196375973476,10.0,2.4
Santal,50,0.6286712520667971,0.14730551324047372,12.0,2.56
Manipuri (Meitei),50,0.616846530223974,0.19038903130631787,14.000000000000002,2.44
Rakhine,50,0.6145077153215508,0.1592345537105177,6.0,2.44
Bengali,50,0.6015930136920932,0.14575993551620797,2.0,2.42
