decile,n_stories,mean_genericity,min_genericity,max_genericity,mean_cultural_accuracy,mean_contextual_appropriateness,mean_narrative_coherence,mean_linguistic_fluency,mean_average_score
1,60,0.35185718475189776,0.0,0.431899756972003,2.283333333333333,1.8333333333333333,1.7333333333333334,1.1666666666666667,1.7541666666666667
2,60,0.4787446388674946,0.43244106403767907,0.5216348759649453,2.216666666666667,2.1166666666666667,1.8333333333333333,1.3,1.8666666666666667
3,60,0.5517268966787192,0.5251172426529149,0.5810730813902523,2.2666666666666666,2.216666666666667,1.9166666666666667,1.3666666666666667,1.9416666666666667
4,60,0.604700980499097,0.5818451167808585,0.6264801078161711,2.3833333333333333,2.0,1.8833333333333333,1.2333333333333334,1.875
5,60,0.6449690264302824,0.627073099694065,0.6622236932952179,2.45,2.1166666666666667,1.9,1.4166666666666667,1.9708333333333334
6,59,0.6827822175648436,0.6627703597043225,0.7001277993741035,2.6610169491525424,2.305084745762712,2.1864406779661016,1.6271186440677967,2.194915254237288
7,60,0.7165948088245474,0.7010447808449005,0.7375759840546742,2.5833333333333335,2.3,2.183333333333333,1.6666666666666667,2.183333333333333
8,60,0.7519748063578121,0.7375938576173144,0.7706122850167895,2.566666666666667,2.316666666666667,2.15,1.55,2.1458333333333335
9,60,0.7923935505959555,0.7708641531784126,0.8221681265821962,2.533333333333333,2.2333333333333334,2.033333333333333,1.4833333333333334,2.0708333333333333
10,60,0.874463424523451,0.8240300648398015,1.0,2.55,2.2333333333333334,2.0833333333333335,1.5833333333333333,2.1125
