story_type,n_stories,mean_genericity,std_genericity,pct_generic,mean_cultural_accuracy
Community Crisis,60,0.7270470843110811,0.13291268479122706,25.0,2.3333333333333335
Human–Nature Relationship,60,0.7215591074338773,0.12517217504817263,21.666666666666668,2.566666666666667
Sacred or Forbidden Space,60,0.6873976450230069,0.12783388436443058,15.0,2.3333333333333335
Change and Continuity,60,0.6738836976470571,0.1468681002235759,11.666666666666666,2.45
Moral Transgression and Consequence,60,0.6461734222224956,0.12551828897414877,8.333333333333332,2.4166666666666665
Wisdom of an Elder,60,0.6399857803305063,0.13807276392396034,8.333333333333332,2.4833333333333334
Everyday Life Narrative,60,0.6251187991228794,0.125076170875318,0.0,2.3833333333333333
Origin Story,59,0.6126404468190121,0.15356362914022917,6.779661016949152,2.5084745762711864
Rite of Passage,60,0.5604490898858193,0.16083849857153823,3.3333333333333335,2.5
Trickster or Clever Figure,60,0.5547834327859348,0.16762806988700035,0.0,2.5166666666666666
