culture,Cultural Accuracy & Authenticity,Contextual & Temporal Appropriateness,Narrative & Symbolic Coherence,Linguistic & Expressive Appropriateness (Bangla),overall_mean
Hajong,2.64,2.24,2.14,1.56,2.145
Mro,2.52,2.24,2.08,1.6,2.11
Bengali,2.42,2.3,2.04,1.56,2.08
Oraon (Kurukh),2.4286,2.2245,1.9796,1.5918,2.0561
Rakhine,2.44,2.18,1.94,1.62,2.045
Santal,2.56,2.16,1.98,1.48,2.045
Manipuri (Meitei),2.44,2.18,2.0,1.34,1.99
Marma,2.54,2.16,1.9,1.24,1.96
Tripura,2.4,2.08,2.04,1.32,1.96
Garo (Mandi),2.3,2.1,1.9,1.4,1.925
Khasi,2.34,2.14,1.96,1.24,1.92
Chakma,2.36,2.0,1.92,1.32,1.9
