story_type,coherence_mean,coherence_std,n,difficulty_rank
Sacred or Forbidden Space,1.8833333333333333,0.7385663314751768,60,1
Change and Continuity,1.9333333333333333,0.6856066636017631,60,2
Moral Transgression and Consequence,1.95,0.7461766955734741,60,3
Trickster or Clever Figure,1.95,0.7685557664227722,60,4
Wisdom of an Elder,1.9666666666666666,0.6369063647932279,60,5
Community Crisis,2.0,0.6377928041432805,60,6
Rite of Passage,2.0,0.6888949638271721,60,7
Human–Nature Relationship,2.033333333333333,0.7804098589988461,60,8
Origin Story,2.0847457627118646,0.77210271768902,59,9
Everyday Life Narrative,2.1,0.6297699337786185,60,10
