culture,n,pearson_r,pearson_p,spearman_r,spearman_p,r_squared,pearson_significant
Bengali,50,0.735840926157397,1.1434191721687232e-09,0.6013004207727595,3.87789948858861e-06,0.5414618686081758,True
Manipuri (Meitei),50,0.6855787123340198,3.9441123128261764e-08,0.7317777149430607,1.5671907435970708e-09,0.4700181708055727,True
Tripura,50,0.6549945474146002,2.4595643549963646e-07,0.5490502918540573,3.646065078213081e-05,0.4290178571428569,True
Rakhine,50,0.6092741826073373,2.6584051836337205e-06,0.6068007796850622,2.99200856548981e-06,0.37121502959183905,True
Marma,50,0.5964232791568314,4.861017024027203e-06,0.6503789164121706,3.1848036981784747e-07,0.3557207279201876,True
Chakma,50,0.4673330015614243,0.000622399182044233,0.41245643291741935,0.00291570773856908,0.21840013434841024,True
Oraon (Kurukh),49,0.46481156316494965,0.0007660759696087881,0.5018215340828074,0.00023922835439965184,0.21604978925184398,True
Garo (Mandi),50,0.4517812304569953,0.0009898121798680999,0.44629801006338227,0.0011597405921037738,0.2041062801932367,True
Hajong,50,0.43734975010627947,0.0014935954685098933,0.43659932986254346,0.0015251514974445762,0.1912748039180251,True
Mro,50,0.33290015143059154,0.0181650813280801,0.30431227293964974,0.03166344816909406,0.11082251082251078,True
Khasi,50,0.3151298983485123,0.025808747381169922,0.2946917342201783,0.0377589442931258,0.0993068528331437,True
Santal,50,0.27948294296173487,0.04934224681302797,0.2761790585522393,0.05220597730471503,0.07811071540655234,True
