region,n,n_cultures,n_models,Cultural Accuracy & Authenticity_mean,Cultural Accuracy & Authenticity_std,Cultural Accuracy & Authenticity_median,Contextual & Temporal Appropriateness_mean,Contextual & Temporal Appropriateness_std,Contextual & Temporal Appropriateness_median,Narrative & Symbolic Coherence_mean,Narrative & Symbolic Coherence_std,Narrative & Symbolic Coherence_median,Linguistic & Expressive Appropriateness (Bangla)_mean,Linguistic & Expressive Appropriateness (Bangla)_std,Linguistic & Expressive Appropriateness (Bangla)_median,overall_mean,rank
Mymensingh,50,1,5,2.64,0.59795570104161,3.0,2.24,0.7969328960560773,2.0,2.14,0.670363897522861,2.0,1.56,0.7866228513106404,1.0,2.1450000000000005,1
Bandarban,50,1,5,2.52,0.6141195788629907,3.0,2.24,0.6869037302955033,2.0,2.08,0.6337449432233953,2.0,1.6,0.6388765649999399,2.0,2.11,2
Bangladesh-Scoped,50,1,5,2.42,1.1444631572782704,2.0,2.3,1.0738068841694934,2.0,2.04,1.049003414324904,2.0,1.56,1.0720950308167838,1.0,2.08,3
North Bengal,49,1,5,2.4285714285714284,0.7359800721939872,2.0,2.2244897959183674,0.6213327786047566,2.0,1.9795918367346939,0.7497164997063709,2.0,1.5918367346938775,0.7046975517594639,2.0,2.056122448979592,4
"Rajshahi, Rangpur, northwestern plains",50,1,5,2.56,0.8843307166024094,2.0,2.16,0.8656718518596066,2.0,1.98,0.7139999428342743,2.0,1.48,0.7068181072487417,1.0,2.0450000000000004,5
"Cox's Bazar, coastal areas",50,1,5,2.44,0.7866228513106402,3.0,2.18,0.8734169352933012,2.0,1.94,0.651841974088562,2.0,1.62,0.6966391622992348,1.5,2.045,6
Sylhet (border areas),100,2,5,2.39,0.680092091209163,2.0,2.16,0.7208300490378848,2.0,1.98,0.6026875834396485,2.0,1.29,0.6711214796175432,1.0,1.9550000000000003,7
Chittagong Hill Tracts,150,3,5,2.433333333333333,0.7807814590529765,2.0,2.08,0.7465356228885603,2.0,1.9533333333333334,0.6588241168948181,2.0,1.2933333333333332,0.7557090689332828,1.0,1.94,8
"Mymensingh, Sherpur",50,1,5,2.3,0.8390957231764808,2.0,2.1,0.8144110179279557,2.0,1.9,0.762648446573665,2.0,1.4,0.6998542122237652,1.0,1.9250000000000003,9
