group1,group2,meandiff,p-adj,lower,upper,reject
Bandarban,Bangladesh-Scoped,-0.1,0.9994,-0.5904,0.3904,False
Bandarban,Chittagong Hill Tracts,-0.0867,0.9991,-0.4871,0.3137,False
Bandarban,"Cox's Bazar, coastal areas",-0.08,0.9999,-0.5704,0.4104,False
Bandarban,Mymensingh,0.12,0.9978,-0.3704,0.6104,False
Bandarban,"Mymensingh, Sherpur",-0.22,0.899,-0.7104,0.2704,False
Bandarban,North Bengal,-0.0914,0.9997,-0.5843,0.4015,False
Bandarban,"Rajshahi, Rangpur, northwestern plains",0.04,1.0,-0.4504,0.5304,False
Bandarban,Sylhet (border areas),-0.13,0.9897,-0.5547,0.2947,False
Bangladesh-Scoped,Chittagong Hill Tracts,0.0133,1.0,-0.3871,0.4137,False
Bangladesh-Scoped,"Cox's Bazar, coastal areas",0.02,1.0,-0.4704,0.5104,False
Bangladesh-Scoped,Mymensingh,0.22,0.899,-0.2704,0.7104,False
Bangladesh-Scoped,"Mymensingh, Sherpur",-0.12,0.9978,-0.6104,0.3704,False
Bangladesh-Scoped,North Bengal,0.0086,1.0,-0.4843,0.5015,False
Bangladesh-Scoped,"Rajshahi, Rangpur, northwestern plains",0.14,0.9935,-0.3504,0.6304,False
Bangladesh-Scoped,Sylhet (border areas),-0.03,1.0,-0.4547,0.3947,False
Chittagong Hill Tracts,"Cox's Bazar, coastal areas",0.0067,1.0,-0.3937,0.4071,False
Chittagong Hill Tracts,Mymensingh,0.2067,0.8009,-0.1937,0.6071,False
Chittagong Hill Tracts,"Mymensingh, Sherpur",-0.1333,0.9822,-0.5337,0.2671,False
Chittagong Hill Tracts,North Bengal,-0.0048,1.0,-0.4082,0.3987,False
Chittagong Hill Tracts,"Rajshahi, Rangpur, northwestern plains",0.1267,0.9872,-0.2737,0.5271,False
Chittagong Hill Tracts,Sylhet (border areas),-0.0433,1.0,-0.3599,0.2732,False
"Cox's Bazar, coastal areas",Mymensingh,0.2,0.9397,-0.2904,0.6904,False
"Cox's Bazar, coastal areas","Mymensingh, Sherpur",-0.14,0.9935,-0.6304,0.3504,False
"Cox's Bazar, coastal areas",North Bengal,-0.0114,1.0,-0.5043,0.4815,False
"Cox's Bazar, coastal areas","Rajshahi, Rangpur, northwestern plains",0.12,0.9978,-0.3704,0.6104,False
"Cox's Bazar, coastal areas",Sylhet (border areas),-0.05,1.0,-0.4747,0.3747,False
Mymensingh,"Mymensingh, Sherpur",-0.34,0.4344,-0.8304,0.1504,False
Mymensingh,North Bengal,-0.2114,0.9203,-0.7043,0.2815,False
Mymensingh,"Rajshahi, Rangpur, northwestern plains",-0.08,0.9999,-0.5704,0.4104,False
Mymensingh,Sylhet (border areas),-0.25,0.6603,-0.6747,0.1747,False
"Mymensingh, Sherpur",North Bengal,0.1286,0.9965,-0.3643,0.6215,False
"Mymensingh, Sherpur","Rajshahi, Rangpur, northwestern plains",0.26,0.7761,-0.2304,0.7504,False
"Mymensingh, Sherpur",Sylhet (border areas),0.09,0.9992,-0.3347,0.5147,False
North Bengal,"Rajshahi, Rangpur, northwestern plains",0.1314,0.9959,-0.3615,0.6243,False
North Bengal,Sylhet (border areas),-0.0386,1.0,-0.4661,0.389,False
"Rajshahi, Rangpur, northwestern plains",Sylhet (border areas),-0.17,0.9458,-0.5947,0.2547,False
