culture_1,culture_2,cosine_distance,euclidean_distance
Marma,Mro,0.02509321573001133,0.1569047654936158
Oraon (Kurukh),Santal,0.03975966459319935,0.19436144668830513
Chakma,Marma,0.041108841241769944,0.20004574341507572
Chakma,Garo (Mandi),0.043179106730381944,0.20197537018760595
Chakma,Tripura,0.04530900052247833,0.20729603395423546
Bengali,Chakma,0.04620428490648387,0.20762958119316235
Chakma,Oraon (Kurukh),0.04658037207285881,0.21122761478138996
Chakma,Mro,0.04747051127069879,0.2138542075662297
Garo (Mandi),Marma,0.04749183012564828,0.21447949311783804
Garo (Mandi),Oraon (Kurukh),0.04885338596305333,0.21559501237105722
Bengali,Santal,0.04920179903609312,0.21238470761998554
Bengali,Oraon (Kurukh),0.05119999745221149,0.2194988897383108
Garo (Mandi),Mro,0.05152209232240457,0.22211743359240552
Garo (Mandi),Khasi,0.051587986566688726,0.22160847107408488
Bengali,Garo (Mandi),0.05253327116626105,0.21989847313557195
Hajong,Santal,0.0536883116571929,0.2259044093134375
Garo (Mandi),Santal,0.05393892321542815,0.22436522748477275
