,Hajong,Santal,Tripura,Manipuri (Meitei),Oraon (Kurukh),Khasi,Marma,Rakhine,Mro,Garo (Mandi),Bengali,Chakma
Hajong,0.0,0.0536883116571929,0.07955592311504989,0.07633160523285387,0.06782283517118226,0.06410920292516142,0.0636853335661901,0.08531036714552154,0.07423207217531802,0.05856443533571054,0.05891896420373621,0.05936198452641872
Santal,0.0536883116571929,0.0,0.07505896684393432,0.07656941968015085,0.03975966459319935,0.0728274347731791,0.06217554779247414,0.08656874846085705,0.07494324445506673,0.05393892321542815,0.04920179903609312,0.05547940281868735
Tripura,0.07955592311504989,0.07505896684393432,0.0,0.081760544030552,0.06417063706749349,0.07134356277219378,0.05676382108316613,0.09783653134419101,0.06151919817750151,0.06586101366093888,0.0758674449325768,0.04530900052247833
Manipuri (Meitei),0.07633160523285387,0.07656941968015085,0.081760544030552,0.0,0.07346031567721589,0.07833730078036771,0.06783426489713473,0.06934489333416993,0.08071520113971475,0.0691206889578414,0.06364348763612737,0.07189102315755547
Oraon (Kurukh),0.06782283517118226,0.03975966459319935,0.06417063706749349,0.07346031567721589,0.0,0.07296175886369916,0.05823056999294507,0.0897885829552808,0.0652709391845755,0.04885338596305333,0.05119999745221149,0.04658037207285881
Khasi,0.06410920292516142,0.0728274347731791,0.07134356277219378,0.07833730078036771,0.07296175886369916,0.0,0.05526739455631069,0.09147758163967423,0.05921661667105149,0.051587986566688726,0.06936928937524789,0.05629817235348844
Marma,0.0636853335661901,0.06217554779247414,0.05676382108316613,0.06783426489713473,0.05823056999294507,0.05526739455631069,0.0,0.07572055755812646,0.02509321573001133,0.04749183012564828,0.06576109451289358,0.041108841241769944
Rakhine,0.08531036714552154,0.08656874846085705,0.09783653134419101,0.06934489333416993,0.0897885829552808,0.09147758163967423,0.07572055755812646,0.0,0.08883943151559492,0.07617509936010847,0.06412314089744597,0.07482765746237763
Mro,0.07423207217531802,0.07494324445506673,0.06151919817750151,0.08071520113971475,0.0652709391845755,0.05921661667105149,0.02509321573001133,0.08883943151559492,0.0,0.05152209232240457,0.0764212184311448,0.04747051127069879
Garo (Mandi),0.05856443533571054,0.05393892321542815,0.06586101366093888,0.0691206889578414,0.04885338596305333,0.051587986566688726,0.04749183012564828,0.07617509936010847,0.05152209232240457,0.0,0.05253327116626105,0.043179106730381944
Bengali,0.05891896420373621,0.04920179903609312,0.0758674449325768,0.06364348763612737,0.05119999745221149,0.06936928937524789,0.06576109451289358,0.06412314089744597,0.0764212184311448,0.05253327116626105,0.0,0.04620428490648387
Chakma,0.05936198452641872,0.05547940281868735,0.04530900052247833,0.07189102315755547,0.04658037207285881,0.05629817235348844,0.041108841241769944,0.07482765746237763,0.04747051127069879,0.043179106730381944,0.04620428490648387,0.0
