culture,n,intra_cluster_variance,intra_cluster_std,mean_dist_to_centroid,max_dist_to_centroid
Hajong,50,0.0013717375344095867,0.03703697523299637,0.7183769164367747,0.8096406486615068
Oraon (Kurukh),49,0.002336647602740458,0.04833888292814034,0.7184190813496406,0.8406987824525541
Bengali,50,0.002549867417870041,0.05049621191604417,0.7407163246032802,0.8511684701987887
Chakma,50,0.0029872081673654794,0.054655358084688084,0.7218224309951021,0.8521925920338246
Rakhine,50,0.002993576420940304,0.05471358534167089,0.7230500055981495,0.8938722762272826
Santal,50,0.003050257532240447,0.05522913662407233,0.7292402584340683,0.8380524040800765
Marma,50,0.0031290127016998185,0.055937578618490615,0.7093395526216051,0.82087412196437
Tripura,50,0.003179410187430059,0.05638625885293383,0.7242552865894584,0.8858646520861921
Garo (Mandi),50,0.0032402515891828145,0.05692320782583159,0.7271332506549057,0.8559288597627359
Khasi,50,0.0033335510620384704,0.05773691247407044,0.717375981405347,0.8292770555491553
Mro,50,0.0037424321657289535,0.06117542125501837,0.7141035131930674,0.859042277052851
Manipuri (Meitei),50,0.004376750235131595,0.06615701198763133,0.7265085190379375,0.9291681138459408
