culture,n,silhouette_mean,silhouette_std,silhouette_min,silhouette_max
Rakhine,50,0.01697350120802166,0.050680286767293525,-0.11839142134653502,0.12102204463639689
Hajong,50,0.011805227905918007,0.0423760728674034,-0.07689783236636347,0.09836651031357183
Khasi,50,0.011136303103692513,0.036460153629023474,-0.08655869798656442,0.09907944692481861
Oraon (Kurukh),49,0.007968445668089817,0.03301061330314123,-0.09256853133016828,0.082692465011006
Manipuri (Meitei),50,0.005835856618298977,0.03524706481620103,-0.06457425267173264,0.07580545808792784
Marma,50,0.00033982653794650716,0.018743389219336038,-0.05683345434724699,0.03996279239700078
Tripura,50,-0.004357208631899303,0.03886463493551578,-0.07299513134233852,0.077120831136877
Mro,50,-0.00643317112475075,0.01960849191630341,-0.0400372765572537,0.027120062958982494
Chakma,50,-0.008479726221502188,0.025877275838601388,-0.05917915625467979,0.04886582433346689
Garo (Mandi),50,-0.011995655602889675,0.027604641717720813,-0.08881311655089508,0.03639083418064485
Santal,50,-0.012978638481845666,0.023876409940130915,-0.06577516676099937,0.03975241063031289
Bengali,50,-0.028349910471694974,0.018558104691630786,-0.07688523950664629,0.0010398744950898362
