culture,n,mean,std,median,rank
Rakhine,50,0.36812099351775496,0.08329048803828734,0.36400087435430845,1
Marma,50,0.36745589351239494,0.08046114215819593,0.3607710897377046,2
Manipuri (Meitei),50,0.36597046951506484,0.0759465551659561,0.36064676863269646,3
Chakma,50,0.3652746394365364,0.07425866188610772,0.3430563168669726,4
Mro,50,0.3623725434417133,0.08411536519749878,0.35143222041458627,5
Bengali,50,0.3566294389781401,0.07750275915435417,0.34549356909053264,6
Tripura,50,0.35544793325503177,0.0696629989471552,0.3386891601024601,7
Oraon (Kurukh),49,0.35378576573170073,0.07991405190022795,0.349257897054029,8
Hajong,50,0.3530499379963215,0.07072583931615478,0.35212986065350305,9
Santal,50,0.352503898283975,0.07034984725912495,0.3475389159668482,10
Garo (Mandi),50,0.3513547770246731,0.06960144264892083,0.3431599674432027,11
Khasi,50,0.34756735333555655,0.08073504272111542,0.32956799131269854,12
