story_type,n,mean,std,median,rank
Human–Nature Relationship,60,0.46484711981113,0.07209618769443019,0.46659692688123316,1
Trickster or Clever Figure,60,0.40177162551709394,0.07907352494700864,0.40828673586688724,2
Everyday Life Narrative,60,0.38001644505859833,0.05612573455425422,0.3739126703098119,3
Change and Continuity,60,0.3700643018928801,0.06479521770987094,0.36339108061550107,4
Community Crisis,60,0.3451986256034209,0.04781771911173341,0.341388840184269,5
Rite of Passage,60,0.3417304400077713,0.05652794864591644,0.3416953932384582,6
Moral Transgression and Consequence,60,0.3392063805524532,0.05224615546864032,0.343679059227738,7
Origin Story,59,0.3276417827702046,0.06775458921692529,0.3178156771451841,8
Sacred or Forbidden Space,60,0.32122656719908804,0.05241906644343584,0.3111580155243578,9
Wisdom of an Elder,60,0.2908056818953873,0.05120241110064233,0.28416788306580254,10
