culture_1,culture_2,distance
Bengali,Chakma,0.03381957694311699
Bengali,Garo (Mandi),0.04168714352473646
Bengali,Hajong,0.030032403698165067
Bengali,Khasi,0.041155871281284395
Bengali,Manipuri (Meitei),0.04513583694572709
Bengali,Marma,0.04272669063442691
Bengali,Mro,0.04167295743701516
Bengali,Oraon (Kurukh),0.02918303274887346
Bengali,Rakhine,0.044800140888365814
Bengali,Santal,0.032729218525129444
Bengali,Tripura,0.030712795336031884
Chakma,Garo (Mandi),0.022801610013320928
Chakma,Hajong,0.026443103696912162
Chakma,Khasi,0.025417598594713486
Chakma,Manipuri (Meitei),0.04163363290563882
Chakma,Marma,0.018019631547163684
Chakma,Mro,0.016426711292457652
Chakma,Oraon (Kurukh),0.026053300556043935
Chakma,Rakhine,0.04450647979692213
Chakma,Santal,0.029892730767523412
Chakma,Tripura,0.014786097489696282
Garo (Mandi),Hajong,0.029746766255049018
Garo (Mandi),Khasi,0.02531630415354258
Garo (Mandi),Manipuri (Meitei),0.0430632076081906
Garo (Mandi),Marma,0.026218009568704237
Garo (Mandi),Mro,0.022738883098678775
Garo (Mandi),Oraon (Kurukh),0.030912022635678604
Garo (Mandi),Rakhine,0.05431240713255814
Garo (Mandi),Santal,0.03286009376099708
Garo (Mandi),Tripura,0.024929857738535843
Hajong,Khasi,0.030039392531743814
Hajong,Manipuri (Meitei),0.04180668356782824
Hajong,Marma,0.030495989178728422
Hajong,Mro,0.028982835937593987
Hajong,Oraon (Kurukh),0.030400944185033696
Hajong,Rakhine,0.050165210677076355
Hajong,Santal,0.02877831558401922
Hajong,Tripura,0.028347045358284917
Khasi,Manipuri (Meitei),0.039539186295622586
Khasi,Marma,0.02659091789280099
Khasi,Mro,0.02349507868874956
Khasi,Oraon (Kurukh),0.035292448902675466
Khasi,Rakhine,0.050393607771354376
Khasi,Santal,0.04176208534368275
Khasi,Tripura,0.026730357276205985
Manipuri (Meitei),Marma,0.03586064233017083
Manipuri (Meitei),Mro,0.036595388524566896
Manipuri (Meitei),Oraon (Kurukh),0.04484589312385645
Manipuri (Meitei),Rakhine,0.04633554196810419
Manipuri (Meitei),Santal,0.050028448971624506
Manipuri (Meitei),Tripura,0.03614691941606074
Marma,Mro,0.012542333945566253
Marma,Oraon (Kurukh),0.035668498400124315
Marma,Rakhine,0.030157973304809405
Marma,Santal,0.03486138832608676
Marma,Tripura,0.02461065283770414
Mro,Oraon (Kurukh),0.028778729900777678
Mro,Rakhine,0.042640593378626024
Mro,Santal,0.03348176514251877
Mro,Tripura,0.01998998465054269
Oraon (Kurukh),Rakhine,0.054903363360315316
Oraon (Kurukh),Santal,0.015548265237139924
Oraon (Kurukh),Tripura,0.023855664868698057
Rakhine,Santal,0.05723645062212068
Rakhine,Tripura,0.04882206743425377
Santal,Tripura,0.029812953693920452
